{"cell_height": -0.08348622349350689, "isCategorized": true, "cell_width": 0.08404491916981083, "y_origin": 11.165162155000086, "data": [["", "", "", "", "", "", "", "", "", "", "", "", "", "", "", "", "", "", "", "", "", "", "", "", "", "", "", "", "", "", "", "", "", "", "", "", 6, "", "", "", "", "", "", "", "", "", "", "", "", "", "", "", ""], ["", "", "", "", "", "", "", "", "", "", "", "", "", "", "", "", "", "", "", "", "", "", "", "", "", "", "", "", "", "", "", "", "", "", 6, 6, 6, 6, 6, "", "", "", "", "", "", "", "", "", "", "", "", "", ""], ["", "", "", "", "", 6, 6, 6, 6, 6, 6, 6, 6, 6, 6, 6, 6, 6, 6, 6, 6, 6, 6, 6, 6, 6, 6, 6, 6, 6, 6, "", 6, 6, 6, 6, 6, 6, 6, "", "", "", "", "", "", "", "", "", "", "", "", "", ""], ["", "", "", "", "", 6, 6, 6, 6, 6, 6, 6, 6, 6, 6, 6, 6, 6, 6, 6, 6, 6, 6, 6, 6, 6, 6, 6, 6, 6, 6, 6, 6, 6, 6, 6, 6, 6, 6, "", "", "", "", "", "", "", "", "", "", "", "", "", ""], ["", "", "", "", 6, 6, 6, 6, 6, 6, 6, 6, 6, 6, 6, 6, 6, 6, 6, 6, 6, 6, 6, 6, 6, 6, 6, 6, 6, 6, 6, 6, 6, 6, 6, 6, 6, 6, "", "", "", "", "", "", "", "", "", "", "", "", "", "", ""], ["", "", "", "", 6, 6, 6, 6, 6, 6, 6, 6, 6, 6, 6, 6, 6, 6, 6, 6, 6, 6, 6, 6, 6, 6, 6, 6, 6, 6, 6, 6, 6, 6, 6, 6, 6, 6, "", "", "", "", "", "", "", "", "", "", "", "", "", "", ""], ["", "", "", "", 6, 6, 6, 6, 6, 6, 6, 6, 6, 6, 6, 6, 6, 6, 6, 6, 6, 6, 6, 6, 6, 6, 6, 6, 6, 6, 6, 6, 6, 6, 6, 6, 6, 6, 6, "", "", "", "", "", "", "", "", "", "", "", "", "", ""], ["", "", "", "", 6, 6, 6, 6, 6, 6, 6, 6, 6, 6, 6, 6, 6, 6, 6, 6, 6, 6, 6, 6, 6, 6, 6, 6, 6, 6, 6, 6, 6, 6, 6, 6, 6, 6, 6, 6, "", "", "", "", "", "", "", "", "", "", "", "", ""], ["", "", "", "", "", 6, 6, 6, 6, 6, 6, 6, 6, 6, 6, 6, 6, 6, 6, 6, 6, 6, 6, 6, 6, 6, 6, 6, 6, 6, 6, 6, 6, 6, 6, 6, 6, 6, 6, 6, 6, "", "", "", "", "", "", "", "", "", "", "", ""], ["", "", "", "", "", 6, 6, 6, 6, 6, 6, 6, 6, 6, 6, 6, 6, 6, 6, 6, 6, 6, 6, 6, 6, 6, 6, 6, 6, 6, 6, 6, 6, 6, 6, 6, 6, 6, 6, 6, 6, 6, 6, "", "", "", "", "", "", "", "", "", ""], ["", "", "", "", "", 6, 6, 6, 6, 6, 6, 6, 6, 6, 6, 6, 6, 6, 6, 6, 6, 6, 6, 6, 6, 6, 6, 6, 6, 6, 6, 6, 6, 6, 6, 6, 6, 6, 6, 6, 6, 6, 6, 6, "", "", "", "", "", "", "", "", ""], ["", "", "", "", "", "", 6, 6, 6, 6, 6, 6, 6, 6, 6, 6, 6, 6, 6, 6, 6, 6, 6, 6, 6, 6, 6, 6, 6, 6, 6, 6, 6, 6, 6, 6, 6, 6, 6, 6, 6, 6, 6, "", "", "", "", "", "", "", "", "", ""], ["", "", "", "", "", 6, 6, 6, 6, 6, 6, 6, 6, 6, 6, 6, 6, 6, 6, 6, 6, 6, 6, 6, 6, 6, 6, 6, 6, 6, 6, 6, 6, 6, 6, 6, 6, 6, 6, 6, 6, 6, 6, "", "", "", "", "", "", "", "", "", ""], ["", "", "", "", "", "", 6, 6, 6, 6, 6, 6, 6, 6, 6, 6, 6, 6, 6, 6, 6, 6, 6, 6, 6, 6, 6, 6, 6, 6, 6, 6, 6, 6, 6, 6, 6, 6, 6, 6, 6, 6, 6, 6, "", "", "", "", "", "", "", "", ""], ["", "", "", "", "", "", 6, 6, 6, 6, 6, 6, 6, 6, 6, 6, 6, 6, 6, 6, 6, 6, 6, 6, 6, 6, 6, 6, 6, 6, 6, 6, 6, 6, 6, 6, 6, 6, 6, 6, 6, 6, 6, "", "", "", "", "", "", "", "", "", ""], ["", "", "", "", "", "", 6, 6, 6, 6, 6, 6, 6, 6, 6, 6, 6, 6, 6, 6, 6, 6, 6, 6, 6, 6, 6, 6, 6, 6, 6, 6, 6, 6, 6, 6, 6, 6, 6, 6, 6, 6, 6, "", "", "", "", "", "", "", "", "", ""], ["", "", "", "", "", "", 6, 6, 6, 6, 6, 6, 6, 6, 6, 6, 6, 6, 6, 6, 6, 6, 6, 6, 6, 6, 6, 6, 6, 6, 6, 6, 6, 6, 6, 6, 6, 6, 6, 6, 6, 6, 6, "", "", "", "", "", "", "", "", "", ""], ["", "", "", "", "", "", 6, 6, 6, 6, 6, 6, 6, 6, 6, 6, 6, 6, 6, 6, 6, 6, 6, 6, 6, 6, 6, 6, 6, 6, 6, 6, 6, 6, 6, 6, 6, 6, 6, 6, 6, 6, 6, "", "", "", "", "", "", "", "", "", ""], ["", "", "", "", "", "", 6, 6, 6, 6, 6, 6, 6, 6, 6, 6, 6, 6, 6, 6, 6, 6, 6, 6, 6, 6, 6, 6, 6, 6, 6, 6, 6, 6, 6, 6, 6, 6, 6, 6, 6, 6, 6, 6, "", "", "", "", "", "", "", "", ""], ["", "", "", "", "", "", 6, 6, 6, 6, 6, 6, 6, 6, 6, 6, 6, 6, 6, 6, 6, 6, 6, 6, 6, 6, 6, 6, 6, 6, 6, 6, 6, 6, 6, 6, 6, 6, 6, 6, 6, 6, "", "", "", "", "", "", "", "", "", "", ""], ["", "", "", "", "", "", "", 6, 6, 6, 6, 6, 6, 6, 6, 6, 6, 6, 6, 6, 6, 6, 6, 6, 6, 6, 6, 6, 6, 6, 6, 6, 6, 6, 6, 6, 6, 6, 6, 6, 6, 6, "", 6, 6, "", "", "", "", "", "", "", ""], ["", "", "", "", "", "", "", 6, 6, 6, 6, 6, 6, 6, 6, 6, 6, 6, 6, 6, 6, 6, 6, 6, 6, 6, 6, 6, 6, 6, 6, 6, 6, 6, 6, 6, 6, 6, 6, 6, 6, 6, 6, 6, 6, 6, "", "", "", "", "", "", ""], ["", "", "", "", "", "", "", 6, 6, 6, 6, 6, 6, 6, 6, 6, 6, 6, 6, 6, 6, 6, 6, 6, 6, 6, 6, 6, 6, 6, 6, 6, 6, 6, 6, 6, 6, 6, 6, 6, 6, 6, 6, 6, 6, "", "", "", "", "", "", "", ""], ["", "", "", "", "", "", 6, 6, 6, 6, 6, 6, 6, 6, 6, 6, 6, 6, 6, 6, 6, 6, 6, 6, 6, 6, 6, 6, 6, 6, 6, 6, 6, 6, 6, 6, 6, 6, 6, 6, 6, 6, 6, 6, 6, "", "", "", "", "", "", "", ""], ["", "", "", "", "", "", 6, 6, 6, 6, 6, 6, 6, 6, 6, 6, 6, 6, 6, 6, 6, 6, 6, 6, 6, 11, 6, 6, 6, 6, 6, 6, 6, 6, 6, 6, 6, 6, 6, 6, 6, 6, 6, 6, 6, "", "", "", "", "", "", "", ""], ["", "", "", "", "", "", 6, 6, 6, 6, 6, 6, 6, 6, 6, 6, 6, 6, 6, 6, 6, 6, 6, 6, 11, 11, 6, 6, 6, 6, 6, 6, 6, 6, 6, 6, 6, 6, 6, 6, 6, 6, 6, 6, 6, "", "", "", "", "", "", "", ""], ["", "", "", "", "", "", "", 6, 6, 6, 6, 6, 6, 6, 6, 6, 6, 6, 6, 6, 6, 6, 6, 6, 11, 11, 6, 6, 6, 6, 6, 6, 6, 6, 6, 6, 6, 6, 6, 6, 6, 6, 6, 6, 6, "", "", "", "", "", "", "", ""], ["", "", "", "", "", "", "", "", 6, 6, 6, 6, 6, 6, 6, 6, 6, 6, 6, 6, 6, 6, 11, 6, 11, 11, 11, 6, 6, 6, 6, 6, 6, 6, 6, 6, 6, 6, 6, 6, 6, 5, 5, 5, 5, "", "", "", "", "", "", "", ""], ["", "", "", "", "", "", "", "", 6, 6, 6, 6, 6, 6, 6, 6, 6, 6, 6, 6, 6, 11, 11, 6, 11, 11, 11, 11, 6, 11, 6, 6, 6, 6, 6, 6, 6, 6, 6, 5, 11, 11, 5, 5, "", "", "", "", "", "", "", "", ""], ["", "", "", "", "", "", "", "", 6, 6, 6, 6, 6, 6, 6, 6, 6, 6, 11, 11, 11, 11, 11, 11, 11, 11, 11, 11, 11, 11, 11, 6, 6, 6, 6, 6, 5, 5, 5, 5, 11, 11, 5, 5, "", "", "", "", "", "", "", "", ""], ["", "", "", "", "", "", "", "", 6, 6, 6, 6, 6, 6, 6, 6, 6, 6, 11, 11, 11, 6, 6, 11, 11, 11, 11, 11, 11, 11, 11, 6, 6, 6, 6, 5, 5, 5, 5, 5, 11, 11, 5, 5, "", "", "", "", "", "", "", "", ""], ["", "", "", "", "", "", "", "", 5, 5, 5, 5, 6, 6, 6, 6, 6, 6, 6, 6, 6, 6, 6, 6, 11, 11, 6, 11, 11, 11, 6, 6, 6, 6, 5, 5, 5, 5, 5, 11, 11, 11, 5, 5, 5, 5, "", "", "", "", "", "", ""], ["", "", "", "", "", "", "", "", "", 5, 5, 5, 5, 5, 5, 5, 5, 6, 6, 6, 6, 6, 6, 6, 6, 6, 6, 6, 11, 11, 6, 6, 6, 5, 5, 5, 5, 5, 5, 11, 11, 5, 5, 5, 5, 5, 5, "", "", "", "", "", ""], ["", "", "", "", "", "", "", "", "", 5, 5, 5, 5, 5, 5, 5, 5, 5, 5, 5, 6, 6, 6, 6, 6, 6, 6, 6, 6, 11, 11, 11, 5, 5, 5, 5, 5, 5, 5, 11, 11, 11, 11, 5, 5, 5, 5, 5, "", "", "", "", ""], ["", "", "", "", "", "", "", "", "", 5, 5, 5, 5, 5, 5, 5, 5, 5, 5, 5, 5, 5, 6, 6, 6, 6, 6, 6, 11, 11, 11, 11, 11, 5, 11, 11, 11, 11, 5, 5, 11, 11, 11, 5, 5, 5, 5, 5, "", "", "", "", ""], ["", "", "", "", "", "", "", "", "", 5, 5, 5, 5, 5, 5, 5, 5, 5, 5, 5, 5, 5, 5, 5, 6, 6, 6, 6, 6, 5, 11, 11, 11, 11, 11, 11, 11, 11, 5, 11, 11, 11, 5, 5, 5, 5, "", "", "", "", "", "", ""], ["", "", "", "", "", "", "", "", 5, 5, 5, 5, 5, 5, 5, 5, 5, 5, 5, 5, 5, 5, 5, 5, 5, 5, 5, 5, 5, 11, 11, 11, 11, 11, 11, 11, 5, 5, 5, 11, 11, 11, 11, 5, 5, 5, "", "", "", "", "", "", ""], ["", "", "", "", "", "", "", "", 5, 5, 5, 5, 5, 5, 5, 5, 5, 5, 5, 5, 5, 5, 5, 5, 5, 5, 5, 5, 5, 5, 11, 11, 11, 11, 11, 11, 11, 11, 5, 11, 11, 11, 11, 5, 5, 1, "", "", "", "", "", "", ""], ["", "", "", "", "", "", 5, 5, 5, 5, 5, 5, 5, 5, 5, 5, 5, 5, 5, 5, 5, 5, 5, 5, 5, 5, 5, 5, 5, 5, 5, 5, 11, 11, 11, 5, 11, 11, 11, 11, 11, 11, 11, 5, 1, 1, "", "", "", "", "", "", ""], ["", "", "", "", "", "", 5, 5, 5, 5, 5, 5, 5, 5, 5, 5, 5, 5, 5, 5, 5, 5, 5, 5, 5, 5, 5, 5, 5, 5, 5, 5, 5, 5, 5, 5, 11, 11, 11, 11, 11, 11, 11, 5, 1, 1, "", "", "", "", "", "", ""], ["", "", "", "", "", 5, 5, 5, 5, 5, 5, 5, 5, 5, 5, 5, 5, 5, 5, 5, 5, 5, 5, 5, 5, 5, 5, 5, 5, 5, 5, 5, 5, 5, 5, 5, 11, 11, 11, 11, 11, 11, 11, 5, 1, 1, "", "", "", "", "", "", ""], ["", "", "", "", "", 1, 5, 5, 5, 5, 5, 5, 5, 5, 5, 5, 5, 5, 5, 5, 5, 5, 5, 5, 5, 5, 5, 5, 5, 5, 5, 5, 5, 5, 11, 11, 11, 11, 11, 11, 11, 11, 11, 5, 1, 1, 1, "", "", "", "", "", ""], ["", "", "", "", 1, 1, 1, 5, 5, 5, 5, 5, 5, 5, 5, 5, 5, 5, 5, 5, 5, 5, 5, 5, 5, 5, 5, 5, 5, 5, 5, 5, 11, 11, 11, 11, 11, 11, 11, 11, 11, 11, 11, 5, 1, 1, "", "", "", "", "", "", ""], ["", "", "", "", 1, 1, 1, 1, 5, 5, 5, 5, 5, 5, 5, 5,